"","endpoint","upreg_pval","downreg_pval"
"1",0,3.17899371403755e-06,1
"2",1,0.000103841863691913,0.700995271946989
"3",4,0.097145247806738,0.850336183021368
