,sample,ave_thickness
0,m3_1,106.21690805918692
1,m4_1,76.24067089099746
2,m7_1,47.26647246622264
3,m8_2,37.4525912171831
